Date,Student_Name,Subject_name,Point
07-06-2023,株式会社ぷらら,Math, 8
08-06-2023,株式会社ドコモ・アニメストア,Math, 4
07-06-2023,リノベる株式会社,Math, 4
07-06-2023,株式会社,Math, 5
09-06-2023,ソースネクスト株式会社,Math, 10
08-06-2023,株式会社リクルート,Math, 8
07-06-2023,株式会社ぷらら,Geography, 2
08-06-2023,株式会社ドコモ・アニメストア,Geography, 7
09-06-2023,リノベる株式会社,Geography, 9
09-06-2023,ソースネクスト株式会社,Geography, 8
09-06-2023,株式会社リクルート,Geography, 2
08-06-2023,株式会社ぷらら,Chemistry, 6
07-06-2023,株式会社ドコモ・アニメストア,Chemistry, 7
08-06-2023,株式会社,Chemistry, 8
07-06-2023,ソースネクスト株式会社,Chemistry, 5
07-06-2023,株式会社リクルート,Chemistry, 9
08-06-2023,株式会社ぷらら,Literature, 8
09-06-2023,株式会社ドコモ・アニメストア,Literature, 9
09-06-2023,リノベる株式会社,Literature, 7
07-06-2023,株式会社,Literature, 7
07-06-2023,株式会社リクルート,Literature, 10
09-06-2023,株式会社ぷらら,Music, 7
09-06-2023,株式会社ドコモ・アニメストア,Music, 3
08-06-2023,リノベる株式会社,Music, 6
09-06-2023,株式会社,Music, 6
07-06-2023,ソースネクスト株式会社,Music, 6
08-06-2023,株式会社リクルート,Music, 7
